1686781727.34161; 2432; MsgEvent
1686781731.28214; 2080; MsgEvent
1686781733.57383; 2184; MsgEvent
1686781736.95299; 2380; MsgEvent
1686781739.77489; 2132; MsgEvent
1686781743.06416; 2064; MsgEvent
1686781746.32635; 2192; MsgEvent
1686781749.39809; 2160; MsgEvent
1686781750.61549; 2064; MsgEvent
1686781752.0898; 1908; MsgEvent
1686781755.44826; 2080; MsgEvent
1686781757.5975; 4096; MsgEvent
1686781758.62786; 2080; MsgEvent
1686781759.84959; 2008; MsgEvent
1686781760.77687; 2048; MsgEvent
1686781769.68056; 2176; MsgEvent
1686781777.06533; 4696; MsgEvent
1686781780.1389; 2456; MsgEvent
1686781793.35859; 2626; MsgEvent
1686781795.97385; 5025; MsgEvent
1686781803.6119; 2296; MsgEvent
1686781808.44126; 3275; MsgEvent
1686781816.68004; 6476; MsgEvent
1686781825.28677; 2308; MsgEvent
1686781836.02888; 9176; MsgEvent
1686781855.94088; 2500974; MsgEvent
1686782005.23953; 232003; MsgEvent
1686782415.37947; 2608; MsgEvent
1686782503.02102; 80690; MsgEvent
1686782532.68884; 54292; MsgEvent
1686782923.8062; 2978; MsgEvent
1686782961.36229; 2525308; MsgEvent
1686783241.45272; 3113029; MsgEvent
1686783495.73781; 11457297; MsgEvent
1686783855.24034; 2620; MsgEvent
1686783866.33886; 1746; MsgEvent
1686784098.57723; 45953; MsgEvent
1686784101.7451; 1266153; MsgEvent
1686784175.69926; 7610029; MsgEvent
1686784379.83691; 68897; MsgEvent
1686784532.95588; 61380; MsgEvent
1686784534.30947; 686238; MsgEvent
1686784721.67915; 89418; MsgEvent
1686784751.75917; 58604; MsgEvent
1686785222.83816; 213859; MsgEvent
1686785224.03097; 202955; MsgEvent
1686785226.56842; 1849863; MsgEvent
1686785253.02098; 2189886; MsgEvent
1686785418.44003; 8777; MsgEvent
1686785421.61987; 2484; MsgEvent
1686785659.6189; 6317; MsgEvent
1686785815.73177; 2688; MsgEvent
1686786067.60094; 96226; MsgEvent
1686786209.72198; 260486; MsgEvent
1686786246.21846; 3759964; MsgEvent
1686786425.12721; 71395; MsgEvent
1686786770.1149; 1102666; MsgEvent
1686786859.83756; 2568; MsgEvent
1686786861.42234; 206576; MsgEvent
1686787171.86713; 2639; MsgEvent
1686787228.4989; 1949; MsgEvent
1686787487.73361; 274860; MsgEvent
1686787502.49126; 3195; MsgEvent
1686787861.53711; 2643; MsgEvent
1686788041.89011; 54925; MsgEvent
1686788105.51956; 218329; MsgEvent
1686788125.54978; 12004184; MsgEvent
1686788665.36643; 2519; MsgEvent
1686788759.64897; 1591748; MsgEvent
1686788890.0627; 4979729; MsgEvent
1686789193.43208; 2308; MsgEvent
1686789197.43003; 1880302; MsgEvent
1686789239.88739; 10203454; MsgEvent
1686789254.84124; 246889; MsgEvent
1686789440.2436; 62209; MsgEvent
1686789464.51496; 2704; MsgEvent
1686789849.87355; 4325870; MsgEvent
1686790061.74483; 265908; MsgEvent
1686790091.2167; 128713; MsgEvent
1686790499.33788; 1318905; MsgEvent
1686790930.55889; 2747; MsgEvent
1686791275.75806; 470907; MsgEvent
1686791279.67338; 3526376; MsgEvent
1686791306.12671; 179880; MsgEvent
1686791521.71944; 2783; MsgEvent
1686791671.94039; 2460; MsgEvent
1686791673.40782; 284879; MsgEvent
1686791702.93892; 245889; MsgEvent
1686791740.09966; 4066017; MsgEvent
1686791792.14383; 2628; MsgEvent
1686791915.50507; 78390; MsgEvent
1686792084.70905; 131013; MsgEvent
1686792511.83152; 2460; MsgEvent
1686792697.78496; 2423; MsgEvent
1686792728.98918; 262466; MsgEvent
1686793001.31436; 3024; MsgEvent
1686793067.3469; 2668; MsgEvent
1686793192.98129; 2364; MsgEvent
1686793409.19761; 2627; MsgEvent
1686794062.79632; 2452; MsgEvent
1686794092.91986; 2860; MsgEvent
1686794152.24601; 1521; MsgEvent
1686794687.73212; 118599; MsgEvent
1686794722.92498; 2472423; MsgEvent
1686794936.07998; 13126; MsgEvent
1686795372.12129; 2939975; MsgEvent
1686795898.87615; 2111; MsgEvent
1686795900.61945; 32028; MsgEvent
1686796029.28314; 209946; MsgEvent
