timestamp; size; id; type
1564728300,507983; 60;0 ;NetPacket
1564728300,592374; 40;0 ;NetPacket
1564728300,598676; 204;0 ;NetPacket
1564728300,683617; 40;0 ;NetPacket
1564728300,684587; 204;0 ;NetPacket
1564728300,684771; 140;0 ;NetPacket
1564728300,780923; 40;0 ;NetPacket
1564728300,782538; 124;0 ;NetPacket
1564728300,782687; 172;0 ;NetPacket
1564728301,068596; 40;0 ;NetPacket
1564728303,129953; 1500;0 ;NetPacket
1564728303,130102; 1500;0 ;NetPacket
1564728303,130163; 1500;0 ;NetPacket
1564728303,130195; 1500;0 ;NetPacket
1564728303,13025; 1500;0 ;NetPacket
1564728303,130276; 1500;0 ;NetPacket
1564728303,130313; 1500;0 ;NetPacket
1564728303,130338; 1500;0 ;NetPacket
1564728303,130373; 1500;0 ;NetPacket
1564728303,130423; 1500;0 ;NetPacket
1564728303,130467; 1500;0 ;NetPacket
1564728303,130495; 1500;0 ;NetPacket
1564728303,130526; 1500;0 ;NetPacket
1564728303,130553; 1500;0 ;NetPacket
1564728303,130587; 1500;0 ;NetPacket
1564728303,130613; 1500;0 ;NetPacket
1564728303,130646; 1500;0 ;NetPacket
1564728303,13067; 1500;0 ;NetPacket
1564728303,130703; 1500;0 ;NetPacket
1564728303,130728; 1500;0 ;NetPacket
1564728303,130761; 1500;0 ;NetPacket
1564728303,130794; 1500;0 ;NetPacket
1564728303,13082; 1500;0 ;NetPacket
1564728303,130854; 1500;0 ;NetPacket
1564728303,130898; 1500;0 ;NetPacket
1564728303,130942; 1500;0 ;NetPacket
1564728303,130986; 1500;0 ;NetPacket
1564728303,13103; 1500;0 ;NetPacket
1564728303,131055; 1500;0 ;NetPacket
1564728303,131089; 1500;0 ;NetPacket
1564728303,131114; 1500;0 ;NetPacket
1564728303,131147; 1500;0 ;NetPacket
1564728303,131181; 1500;0 ;NetPacket
1564728303,131206; 1500;0 ;NetPacket
1564728303,131251; 1500;0 ;NetPacket
1564728303,131278; 1500;0 ;NetPacket
1564728303,13132; 1500;0 ;NetPacket
1564728303,131347; 1500;0 ;NetPacket
1564728303,131387; 1500;0 ;NetPacket
1564728303,131439; 1500;0 ;NetPacket
1564728303,131475; 1500;0 ;NetPacket
1564728303,131512; 1500;0 ;NetPacket
1564728303,131549; 1500;0 ;NetPacket
1564728303,131586; 1500;0 ;NetPacket
1564728303,131623; 1500;0 ;NetPacket
1564728303,131661; 1500;0 ;NetPacket
1564728303,131697; 1500;0 ;NetPacket
1564728303,131735; 1500;0 ;NetPacket
1564728303,131772; 1500;0 ;NetPacket
1564728303,131809; 1500;0 ;NetPacket
1564728303,13186; 1500;0 ;NetPacket
1564728303,131898; 1500;0 ;NetPacket
1564728303,131936; 1500;0 ;NetPacket
1564728303,131974; 1500;0 ;NetPacket
1564728303,132011; 1500;0 ;NetPacket
1564728303,132049; 1500;0 ;NetPacket
1564728303,132086; 1500;0 ;NetPacket
1564728303,132125; 1500;0 ;NetPacket
1564728303,132162; 1500;0 ;NetPacket
1564728303,132199; 1500;0 ;NetPacket
1564728303,132236; 1500;0 ;NetPacket
1564728303,132275; 1400;0 ;NetPacket
1564728303,132541; 140;0 ;NetPacket
1564728303,388073; 40;0 ;NetPacket
1564728303,397305; 40;0 ;NetPacket
1564728303,401259; 236;0 ;NetPacket
1564728303,402234; 172;0 ;NetPacket
1564728303,635275; 428;0 ;NetPacket
1564728303,645241; 140;0 ;NetPacket
1564728303,658586; 40;0 ;NetPacket
1564728303,766731; 40;0 ;NetPacket
1564728303,808558; 40;0 ;NetPacket
1564728307,624152; 40;0 ;NetPacket
1564728307,709306; 40;0 ;NetPacket
1564728314,098849; 145;0 ;NetPacket
1564728320,481039; 40;0 ;NetPacket
1564728320,481645; 40;0 ;NetPacket
1564728320,482315; 129;0 ;NetPacket
1564728320,534685; 60;0 ;NetPacket
1564728320,620645; 40;0 ;NetPacket
1564728320,620858; 145;0 ;NetPacket
1564728320,70756; 40;0 ;NetPacket
1564728320,70811; 241;0 ;NetPacket
1564728320,821884; 40;0 ;NetPacket
1564728320,822083; 40;0 ;NetPacket
1564728320,822123; 40;0 ;NetPacket
1564728320,822263; 40;0 ;NetPacket
1564728320,865748; 40;0 ;NetPacket
1564728320,907612; 40;0 ;NetPacket
1564728320,907667; 40;0 ;NetPacket
1564728320,907686; 40;0 ;NetPacket
1564728320,907703; 40;0 ;NetPacket
1564728320,907721; 40;0 ;NetPacket
1564728320,907738; 40;0 ;NetPacket
1564728320,907754; 40;0 ;NetPacket
1564728320,90777; 40;0 ;NetPacket
1564728320,908493; 129;0 ;NetPacket
1564728321,637768; 40;0 ;NetPacket
1564728321,670584; 177;0 ;NetPacket
1564728321,670754; 129;0 ;NetPacket
1564728321,67086; 129;0 ;NetPacket
1564728321,670945; 129;0 ;NetPacket
1564728321,671025; 129;0 ;NetPacket
1564728321,721923; 177;0 ;NetPacket
1564728321,781234; 40;0 ;NetPacket
1564728321,78186; 353;0 ;NetPacket
1564728321,814546; 40;0 ;NetPacket
1564728321,814641; 40;0 ;NetPacket
1564728321,814691; 40;0 ;NetPacket
1564728321,814742; 40;0 ;NetPacket
1564728321,857082; 40;0 ;NetPacket
1564728321,85781; 40;0 ;NetPacket
1564728321,870531; 40;0 ;NetPacket
1564728321,872169; 932;0 ;NetPacket
1564728321,873515; 177;0 ;NetPacket
1564728321,899942; 40;0 ;NetPacket
1564728321,905766; 40;0 ;NetPacket
1564728321,905797; 40;0 ;NetPacket
1564728321,905815; 40;0 ;NetPacket
1564728321,905832; 40;0 ;NetPacket
1564728321,943508; 40;0 ;NetPacket
1564728321,947723; 60;0 ;NetPacket
1564728321,959393; 40;0 ;NetPacket
1564728321,959421; 40;0 ;NetPacket
1564728321,961342; 60;0 ;NetPacket
1564728321,961415; 60;0 ;NetPacket
1564728321,963951; 40;0 ;NetPacket
1564728321,975625; 40;0 ;NetPacket
1564728321,981672; 40;0 ;NetPacket
1564728321,98171; 40;0 ;NetPacket
1564728321,981724; 40;0 ;NetPacket
1564728321,981734; 40;0 ;NetPacket
1564728321,995049; 40;0 ;NetPacket
1564728321,995074; 40;0 ;NetPacket
1564728321,995088; 40;0 ;NetPacket
1564728321,9951; 40;0 ;NetPacket
1564728321,995114; 40;0 ;NetPacket
1564728321,997672; 40;0 ;NetPacket
1564728321,997696; 40;0 ;NetPacket
1564728321,997793; 145;0 ;NetPacket
1564728321,997836; 145;0 ;NetPacket
1564728322,014193; 401;0 ;NetPacket
1564728322,032087; 40;0 ;NetPacket
1564728322,032228; 145;0 ;NetPacket
1564728322,034118; 40;0 ;NetPacket
1564728322,034211; 40;0 ;NetPacket
1564728322,034299; 40;0 ;NetPacket
1564728322,03486; 225;0 ;NetPacket
1564728322,04207; 40;0 ;NetPacket
1564728322,042097; 40;0 ;NetPacket
1564728322,044073; 40;0 ;NetPacket
1564728322,044617; 40;0 ;NetPacket
1564728322,044697; 40;0 ;NetPacket
1564728322,048452; 40;0 ;NetPacket
1564728322,050458; 40;0 ;NetPacket
1564728322,052565; 40;0 ;NetPacket
1564728322,053117; 40;0 ;NetPacket
1564728322,053294; 40;0 ;NetPacket
1564728322,053342; 40;0 ;NetPacket
1564728322,064853; 40;0 ;NetPacket
1564728322,064886; 40;0 ;NetPacket
1564728322,082053; 193;0 ;NetPacket
1564728322,084409; 40;0 ;NetPacket
1564728322,084446; 40;0 ;NetPacket
1564728322,08446; 40;0 ;NetPacket
1564728322,084472; 40;0 ;NetPacket
1564728322,114455; 40;0 ;NetPacket
1564728322,114491; 40;0 ;NetPacket
1564728322,114508; 40;0 ;NetPacket
1564728322,114525; 40;0 ;NetPacket
1564728322,114542; 40;0 ;NetPacket
1564728322,11514; 129;0 ;NetPacket
1564728322,117383; 40;0 ;NetPacket
1564728322,117897; 385;0 ;NetPacket
1564728322,118514; 40;0 ;NetPacket
1564728322,118545; 40;0 ;NetPacket
1564728322,118563; 40;0 ;NetPacket
1564728322,12451; 40;0 ;NetPacket
1564728322,124553; 40;0 ;NetPacket
1564728322,124698; 40;0 ;NetPacket
1564728322,125256; 129;0 ;NetPacket
1564728322,161762; 40;0 ;NetPacket
1564728322,200795; 40;0 ;NetPacket
1564728322,200919; 40;0 ;NetPacket
1564728322,200989; 40;0 ;NetPacket
1564728322,20105; 40;0 ;NetPacket
1564728322,201111; 40;0 ;NetPacket
1564728322,201173; 40;0 ;NetPacket
1564728322,201232; 40;0 ;NetPacket
1564728322,201293; 40;0 ;NetPacket
1564728322,201433; 40;0 ;NetPacket
1564728322,201533; 40;0 ;NetPacket
1564728322,201885; 40;0 ;NetPacket
1564728322,204063; 145;0 ;NetPacket
1564728322,204354; 40;0 ;NetPacket
1564728322,204686; 40;0 ;NetPacket
1564728322,204768; 40;0 ;NetPacket
1564728322,204846; 40;0 ;NetPacket
1564728322,204935; 40;0 ;NetPacket
1564728322,205034; 40;0 ;NetPacket
1564728322,205204; 40;0 ;NetPacket
1564728322,218044; 40;0 ;NetPacket
1564728322,218147; 40;0 ;NetPacket
1564728322,218428; 40;0 ;NetPacket
1564728322,218498; 40;0 ;NetPacket
1564728322,288972; 40;0 ;NetPacket
1564728322,302322; 40;0 ;NetPacket
1564728322,302461; 40;0 ;NetPacket
1564728322,302531; 40;0 ;NetPacket
1564728322,302597; 40;0 ;NetPacket
1564728322,302665; 40;0 ;NetPacket
1564728322,30273; 40;0 ;NetPacket
1564728322,302792; 40;0 ;NetPacket
1564728322,344291; 40;0 ;NetPacket
1564728322,372922; 40;0 ;NetPacket
1564728322,372955; 40;0 ;NetPacket
1564728322,386442; 40;0 ;NetPacket
1564728322,386486; 40;0 ;NetPacket
1564728332,098374; 385;0 ;NetPacket
1564728332,099238; 145;0 ;NetPacket
1564728332,099712; 145;0 ;NetPacket
1564728332,229624; 40;0 ;NetPacket
1564728337,126008; 40;0 ;NetPacket
1564728337,162804; 40;0 ;NetPacket
1564728337,38938; 40;0 ;NetPacket
1564728337,390343; 40;0 ;NetPacket
1564728337,475265; 40;0 ;NetPacket
1564728337,475561; 40;0 ;NetPacket
1564728339,707818; 40;0 ;NetPacket
1564728339,707972; 40;0 ;NetPacket
1564728339,708581; 129;0 ;NetPacket
1564728339,848027; 40;0 ;NetPacket
1564728339,893674; 40;0 ;NetPacket
1564728340,588866; 40;0 ;NetPacket
1564728340,588985; 40;0 ;NetPacket
1564728341,368689; 40;0 ;NetPacket
1564728341,368798; 40;0 ;NetPacket
1564728341,52469; 40;0 ;NetPacket
1564728341,524802; 40;0 ;NetPacket
1564728343,795758; 40;0 ;NetPacket
1564728343,795912; 40;0 ;NetPacket
1564728343,927991; 40;0 ;NetPacket
1564728343,928033; 40;0 ;NetPacket
1564728350,099173; 177;0 ;NetPacket
1564728377,103209; 129;0 ;NetPacket
1564728377,19339; 40;0 ;NetPacket
1564728377,193524; 40;0 ;NetPacket
1564728377,193604; 40;0 ;NetPacket
1564728377,194559; 161;0 ;NetPacket
1564728377,207432; 145;0 ;NetPacket
1564728377,424895; 129;0 ;NetPacket
1564728377,434199; 145;0 ;NetPacket
1564728377,655112; 129;0 ;NetPacket
1564728378,196365; 129;0 ;NetPacket
1564728378,196994; 145;0 ;NetPacket
1564728378,308415; 209;0 ;NetPacket
1564728378,382615; 209;0 ;NetPacket
1564728378,521695; 40;0 ;NetPacket
1564728378,579855; 40;0 ;NetPacket
1564728388,098545; 145;0 ;NetPacket
1564728388,188298; 40;0 ;NetPacket
1564728422,104873; 129;0 ;NetPacket
1564728422,195045; 40;0 ;NetPacket
1564728437,193799; 40;0 ;NetPacket
1564728437,195711; 60;0 ;NetPacket
1564728437,280621; 40;0 ;NetPacket
1564728437,280966; 145;0 ;NetPacket
1564728437,366708; 40;0 ;NetPacket
1564728437,368362; 129;0 ;NetPacket
1564728437,453781; 40;0 ;NetPacket
1564728437,454829; 193;0 ;NetPacket
1564728482,099436; 129;0 ;NetPacket
1564728482,184675; 129;0 ;NetPacket
1564728527,115647; 129;0 ;NetPacket
1564728527,241762; 40;0 ;NetPacket
1564728528,201889; 225;0 ;NetPacket
1564728528,202589; 145;0 ;NetPacket
1564728528,304952; 40;0 ;NetPacket
1564728528,40343; 40;0 ;NetPacket
1564728528,404456; 209;0 ;NetPacket
1564728528,557898; 40;0 ;NetPacket
1564728538,099057; 129;0 ;NetPacket
1564728572,116014; 129;0 ;NetPacket
1564728572,20102; 40;0 ;NetPacket
1564728588,09897; 129;0 ;NetPacket
1564728588,184269; 40;0 ;NetPacket
1564728598,099042; 129;0 ;NetPacket
1564728633,099307; 129;0 ;NetPacket
1564728633,184515; 40;0 ;NetPacket
1564728633,185291; 145;0 ;NetPacket
1564728634,187929; 129;0 ;NetPacket
1564728634,32975; 40;0 ;NetPacket
1564728644,098492; 129;0 ;NetPacket
1564728644,183904; 40;0 ;NetPacket
1564728644,291841; 145;0 ;NetPacket
1564728645,186219; 129;0 ;NetPacket
1564728645,186983; 145;0 ;NetPacket
1564728645,279694; 40;0 ;NetPacket
1564728645,376997; 40;0 ;NetPacket
1564728645,377706; 209;0 ;NetPacket
1564728645,517658; 40;0 ;NetPacket
1564728655,099185; 129;0 ;NetPacket
1564728658,863226; 40;0 ;NetPacket
1564728658,863969; 129;0 ;NetPacket
1564728658,867014; 40;0 ;NetPacket
1564728658,867268; 40;0 ;NetPacket
1564728658,867342; 40;0 ;NetPacket
1564728658,867542; 40;0 ;NetPacket
1564728658,867614; 40;0 ;NetPacket
1564728658,867688; 40;0 ;NetPacket
1564728658,867754; 40;0 ;NetPacket
1564728658,867808; 40;0 ;NetPacket
1564728658,867862; 40;0 ;NetPacket
1564728658,951252; 40;0 ;NetPacket
1564728658,951361; 40;0 ;NetPacket
1564728658,951424; 40;0 ;NetPacket
1564728658,951483; 40;0 ;NetPacket
1564728678,109088; 129;0 ;NetPacket
1564728678,194134; 40;0 ;NetPacket
1564728679,195189; 241;0 ;NetPacket
1564728679,19543; 145;0 ;NetPacket
1564728679,341685; 40;0 ;NetPacket
1564728679,46327; 40;0 ;NetPacket
1564728679,464049; 209;0 ;NetPacket
1564728679,609759; 40;0 ;NetPacket
1564728684,361994; 40;0 ;NetPacket
1564728684,362121; 40;0 ;NetPacket
1564728684,362421; 40;0 ;NetPacket
1564728689,572789; 145;0 ;NetPacket
1564728689,657676; 40;0 ;NetPacket
1564728689,658231; 129;0 ;NetPacket
1564728690,6602; 129;0 ;NetPacket
1564728690,805752; 40;0 ;NetPacket
1564728691,996328; 40;0 ;NetPacket
1564728691,99652; 40;0 ;NetPacket
1564728701,098188; 145;0 ;NetPacket
1564728701,183491; 40;0 ;NetPacket
1564728701,184151; 129;0 ;NetPacket
1564728723,115788; 129;0 ;NetPacket
1564728723,241678; 40;0 ;NetPacket
1564728724,202018; 193;0 ;NetPacket
1564728724,28698; 40;0 ;NetPacket
1564728724,298202; 161;0 ;NetPacket
1564728724,397697; 129;0 ;NetPacket
1564728768,110382; 129;0 ;NetPacket
1564728768,237637; 40;0 ;NetPacket
1564728784,098464; 129;0 ;NetPacket
1564728784,183458; 40;0 ;NetPacket
1564728829,100075; 129;0 ;NetPacket
1564728829,185309; 40;0 ;NetPacket
1564728874,141949; 129;0 ;NetPacket
1564728874,227201; 40;0 ;NetPacket
1564728874,227324; 40;0 ;NetPacket
1564728884,099184; 145;0 ;NetPacket
1564728919,118228; 129;0 ;NetPacket
1564728919,20351; 40;0 ;NetPacket
1564728934,099684; 129;0 ;NetPacket
1564728934,184926; 40;0 ;NetPacket
1564728935,186906; 193;0 ;NetPacket
1564728935,285475; 40;0 ;NetPacket
1564728945,099003; 129;0 ;NetPacket
1564728979,130076; 129;0 ;NetPacket
1564728979,215205; 40;0 ;NetPacket
1564728979,215912; 129;0 ;NetPacket
1564729024,11222; 129;0 ;NetPacket
1564729024,23776; 40;0 ;NetPacket
1564729034,099035; 129;0 ;NetPacket
1564729034,183965; 40;0 ;NetPacket
1564729069,119872; 129;0 ;NetPacket
1564729069,205293; 40;0 ;NetPacket
1564729084,098796; 129;0 ;NetPacket
1564729084,183913; 40;0 ;NetPacket
1564729129,120205; 129;0 ;NetPacket
1564729129,205403; 40;0 ;NetPacket
1564729130,207534; 209;0 ;NetPacket
1564729130,208294; 145;0 ;NetPacket
1564729130,30358; 40;0 ;NetPacket
1564729130,396862; 40;0 ;NetPacket
1564729130,397268; 209;0 ;NetPacket
1564729130,549675; 40;0 ;NetPacket
1564729140,098433; 129;0 ;NetPacket
1564729174,112304; 129;0 ;NetPacket
1564729174,197492; 40;0 ;NetPacket
1564729174,198127; 129;0 ;NetPacket
1564729219,112867; 129;0 ;NetPacket
1564729219,198223; 40;0 ;NetPacket
1564729229,098387; 129;0 ;NetPacket
1564729242,926242; 1500;0 ;NetPacket
1564729242,926315; 1500;0 ;NetPacket
1564729242,926346; 1500;0 ;NetPacket
1564729242,926392; 1500;0 ;NetPacket
1564729242,926419; 1500;0 ;NetPacket
1564729242,926443; 1500;0 ;NetPacket
1564729242,926481; 1500;0 ;NetPacket
1564729242,926506; 1500;0 ;NetPacket
1564729242,92653; 1500;0 ;NetPacket
1564729242,926554; 1500;0 ;NetPacket
1564729242,926591; 1252;0 ;NetPacket
1564729242,927623; 140;0 ;NetPacket
1564729242,928463; 204;0 ;NetPacket
1564729242,929284; 140;0 ;NetPacket
1564729242,929882; 140;0 ;NetPacket
1564729242,936695; 140;0 ;NetPacket
1564729242,937469; 140;0 ;NetPacket
1564729242,938099; 140;0 ;NetPacket
1564729242,938891; 140;0 ;NetPacket
1564729242,939554; 140;0 ;NetPacket
1564729242,940814; 140;0 ;NetPacket
1564729242,949909; 188;0 ;NetPacket
1564729242,950783; 156;0 ;NetPacket
1564729242,951527; 140;0 ;NetPacket
1564729242,952249; 140;0 ;NetPacket
1564729242,953157; 156;0 ;NetPacket
1564729242,954253; 140;0 ;NetPacket
1564729242,955351; 140;0 ;NetPacket
1564729242,956495; 140;0 ;NetPacket
1564729242,957261; 140;0 ;NetPacket
1564729242,962554; 172;0 ;NetPacket
1564729242,963212; 172;0 ;NetPacket
1564729242,963335; 156;0 ;NetPacket
1564729243,096689; 40;0 ;NetPacket
1564729243,096818; 40;0 ;NetPacket
1564729243,097138; 40;0 ;NetPacket
1564729243,097211; 40;0 ;NetPacket
1564729243,097269; 40;0 ;NetPacket
1564729243,097322; 40;0 ;NetPacket
1564729243,097386; 40;0 ;NetPacket
1564729243,100995; 40;0 ;NetPacket
1564729243,123605; 236;0 ;NetPacket
1564729243,135544; 268;0 ;NetPacket
1564729243,27445; 40;0 ;NetPacket
1564729243,317117; 145;0 ;NetPacket
1564729243,36265; 40;0 ;NetPacket
1564729244,281609; 364;0 ;NetPacket
1564729244,282213; 140;0 ;NetPacket
1564729244,404469; 40;0 ;NetPacket
1564729244,449159; 40;0 ;NetPacket
1564729246,962049; 40;0 ;NetPacket
1564729246,962182; 40;0 ;NetPacket
1564729253,098628; 209;0 ;NetPacket
1564729253,183537; 40;0 ;NetPacket
1564729298,108683; 129;0 ;NetPacket
1564729298,194022; 40;0 ;NetPacket
1564729298,194743; 145;0 ;NetPacket
1564729298,207949; 145;0 ;NetPacket
1564729298,209651; 60;0 ;NetPacket
1564729298,296017; 40;0 ;NetPacket
1564729298,296441; 145;0 ;NetPacket
1564729298,38294; 40;0 ;NetPacket
1564729298,38346; 241;0 ;NetPacket
1564729298,42144; 129;0 ;NetPacket
1564729298,478762; 40;0 ;NetPacket
1564729298,479183; 40;0 ;NetPacket
1564729298,479336; 40;0 ;NetPacket
1564729298,479532; 40;0 ;NetPacket
1564729298,521871; 40;0 ;NetPacket
1564729298,564677; 40;0 ;NetPacket
1564729298,564793; 40;0 ;NetPacket
1564729298,56485; 40;0 ;NetPacket
1564729308,098431; 129;0 ;NetPacket
1564729313,568167; 40;0 ;NetPacket
1564729313,654294; 40;0 ;NetPacket
1564729334,98891; 40;0 ;NetPacket
1564729334,989019; 40;0 ;NetPacket
1564729334,995651; 40;0 ;NetPacket
1564729334,996495; 40;0 ;NetPacket
1564729335,087912; 40;0 ;NetPacket
1564729335,129659; 40;0 ;NetPacket
1564729341,460735; 40;0 ;NetPacket
1564729341,460772; 40;0 ;NetPacket
1564729343,098925; 225;0 ;NetPacket
1564729343,184064; 40;0 ;NetPacket
1564729388,126532; 129;0 ;NetPacket
1564729388,211541; 40;0 ;NetPacket
1564729401,098963; 129;0 ;NetPacket
1564729401,184552; 40;0 ;NetPacket
1564729401,184682; 40;0 ;NetPacket
1564729411,098956; 145;0 ;NetPacket
1564729446,130205; 129;0 ;NetPacket
1564729446,215501; 40;0 ;NetPacket
1564729461,099292; 129;0 ;NetPacket
1564729461,184608; 40;0 ;NetPacket
1564729506,098924; 129;0 ;NetPacket
1564729506,184055; 40;0 ;NetPacket
1564729551,110809; 129;0 ;NetPacket
1564729551,196066; 40;0 ;NetPacket
1564729596,113013; 129;0 ;NetPacket
1564729596,198088; 40;0 ;NetPacket
1564729641,104806; 129;0 ;NetPacket
1564729641,190348; 40;0 ;NetPacket
1564729641,190477; 40;0 ;NetPacket
1564729642,195005; 241;0 ;NetPacket
1564729642,195627; 129;0 ;NetPacket
1564729642,280451; 40;0 ;NetPacket
1564729642,294718; 40;0 ;NetPacket
1564729642,294857; 40;0 ;NetPacket
1564729642,299574; 209;0 ;NetPacket
1564729642,311838; 60;0 ;NetPacket
1564729642,388908; 40;0 ;NetPacket
1564729642,390603; 209;0 ;NetPacket
1564729642,39667; 40;0 ;NetPacket
1564729642,397022; 145;0 ;NetPacket
1564729642,473034; 40;0 ;NetPacket
1564729642,481874; 40;0 ;NetPacket
1564729642,4825; 241;0 ;NetPacket
1564729642,487189; 40;0 ;NetPacket
1564729642,52977; 40;0 ;NetPacket
1564729642,572516; 40;0 ;NetPacket
1564729642,572569; 40;0 ;NetPacket
1564729642,573542; 40;0 ;NetPacket
1564729642,573686; 40;0 ;NetPacket
1564729642,573717; 40;0 ;NetPacket
1564729642,617713; 40;0 ;NetPacket
1564729642,626359; 241;0 ;NetPacket
1564729642,718487; 40;0 ;NetPacket
1564729642,718546; 40;0 ;NetPacket
1564729642,718594; 40;0 ;NetPacket
1564729642,718628; 40;0 ;NetPacket
1564729642,718659; 40;0 ;NetPacket
1564729642,718727; 40;0 ;NetPacket
1564729642,718761; 40;0 ;NetPacket
1564729642,718798; 40;0 ;NetPacket
1564729642,718828; 40;0 ;NetPacket
1564729642,718857; 40;0 ;NetPacket
1564729642,718884; 40;0 ;NetPacket
1564729642,718912; 40;0 ;NetPacket
1564729642,718939; 40;0 ;NetPacket
1564729642,718967; 40;0 ;NetPacket
1564729642,719008; 40;0 ;NetPacket
1564729642,721071; 129;0 ;NetPacket
1564729652,098809; 145;0 ;NetPacket
1564729652,184528; 40;0 ;NetPacket
1564729652,18465; 40;0 ;NetPacket
1564729652,474035; 129;0 ;NetPacket
1564729657,720705; 40;0 ;NetPacket
1564729657,805689; 40;0 ;NetPacket
1564729686,10455; 129;0 ;NetPacket
1564729686,189565; 40;0 ;NetPacket
1564729712,098354; 129;0 ;NetPacket
1564729712,183499; 40;0 ;NetPacket
1564729746,190026; 40;0 ;NetPacket
1564729746,192142; 60;0 ;NetPacket
1564729746,277103; 40;0 ;NetPacket
1564729746,277525; 145;0 ;NetPacket
1564729746,36308; 40;0 ;NetPacket
1564729746,364713; 129;0 ;NetPacket
1564729746,493751; 40;0 ;NetPacket
1564729756,099043; 161;0 ;NetPacket
1564729791,118139; 129;0 ;NetPacket
1564729791,203303; 40;0 ;NetPacket
1564729806,09846; 129;0 ;NetPacket
1564729806,183503; 40;0 ;NetPacket
1564729836,632139; 40;0 ;NetPacket
1564729836,632245; 40;0 ;NetPacket
1564729836,632343; 40;0 ;NetPacket
1564729836,632401; 40;0 ;NetPacket
1564729836,632476; 40;0 ;NetPacket
1564729836,632549; 40;0 ;NetPacket
1564729836,63261; 40;0 ;NetPacket
1564729836,632667; 40;0 ;NetPacket
1564729836,632722; 40;0 ;NetPacket
1564729836,639051; 40;0 ;NetPacket
1564729836,71611; 40;0 ;NetPacket
1564729836,716138; 40;0 ;NetPacket
1564729836,765549; 40;0 ;NetPacket
1564729836,765593; 40;0 ;NetPacket
1564729847,098584; 209;0 ;NetPacket
1564729847,183901; 40;0 ;NetPacket
1564729879,147524; 40;0 ;NetPacket
1564729879,147635; 40;0 ;NetPacket
1564729879,14839; 209;0 ;NetPacket
1564729879,279106; 40;0 ;NetPacket
1564729880,15053; 129;0 ;NetPacket
1564729880,151158; 145;0 ;NetPacket
1564729880,243062; 40;0 ;NetPacket
1564729880,336341; 40;0 ;NetPacket
1564729880,337137; 209;0 ;NetPacket
1564729880,477901; 40;0 ;NetPacket
1564729890,09881; 129;0 ;NetPacket
1564729890,18389; 40;0 ;NetPacket
1564729890,438283; 129;0 ;NetPacket
1564729891,185656; 129;0 ;NetPacket
1564729891,284544; 40;0 ;NetPacket
1564729901,098672; 129;0 ;NetPacket
1564729924,119574; 129;0 ;NetPacket
1564729924,20475; 40;0 ;NetPacket
1564729924,205468; 129;0 ;NetPacket
1564729969,110253; 129;0 ;NetPacket
1564729969,237781; 40;0 ;NetPacket
1564729984,098428; 129;0 ;NetPacket
1564729984,183724; 40;0 ;NetPacket
1564729997,383381; 40;0 ;NetPacket
1564729997,38351; 40;0 ;NetPacket
1564729997,383798; 40;0 ;NetPacket
1564729998,385688; 193;0 ;NetPacket
1564729998,485452; 40;0 ;NetPacket
1564730008,098888; 129;0 ;NetPacket
1564730029,11824; 129;0 ;NetPacket
1564730029,203255; 40;0 ;NetPacket
1564730044,185499; 40;0 ;NetPacket
1564730044,187665; 60;0 ;NetPacket
1564730044,27244; 40;0 ;NetPacket
1564730044,272813; 145;0 ;NetPacket
1564730044,362062; 40;0 ;NetPacket
1564730044,363835; 129;0 ;NetPacket
1564730044,489711; 40;0 ;NetPacket
1564730058,098473; 129;0 ;NetPacket
1564730058,18373; 40;0 ;NetPacket
1564730068,099071; 129;0 ;NetPacket
1564730103,110726; 129;0 ;NetPacket
1564730103,200859; 40;0 ;NetPacket
1564730118,098503; 129;0 ;NetPacket
1564730118,183985; 40;0 ;NetPacket
1564730118,184113; 40;0 ;NetPacket
1564730118,184181; 40;0 ;NetPacket
1564730118,184245; 40;0 ;NetPacket
1564730118,250136; 60;0 ;NetPacket
1564730118,334891; 40;0 ;NetPacket
1564730118,335061; 145;0 ;NetPacket
1564730118,420727; 40;0 ;NetPacket
1564730118,422613; 241;0 ;NetPacket
1564730118,524371; 40;0 ;NetPacket
1564730118,524758; 40;0 ;NetPacket
1564730118,524848; 40;0 ;NetPacket
1564730118,525686; 40;0 ;NetPacket
1564730118,569728; 40;0 ;NetPacket
1564730118,609108; 40;0 ;NetPacket
1564730118,609337; 40;0 ;NetPacket
1564730118,609528; 40;0 ;NetPacket
1564730118,609702; 40;0 ;NetPacket
1564730118,609861; 40;0 ;NetPacket
1564730118,610012; 40;0 ;NetPacket
1564730118,610734; 129;0 ;NetPacket
1564730119,188895; 209;0 ;NetPacket
1564730119,189558; 145;0 ;NetPacket
1564730119,286039; 40;0 ;NetPacket
1564730119,38717; 40;0 ;NetPacket
1564730119,387306; 40;0 ;NetPacket
1564730129,098735; 145;0 ;NetPacket
1564730133,612166; 40;0 ;NetPacket
1564730133,697375; 40;0 ;NetPacket
1564730163,111925; 129;0 ;NetPacket
1564730163,197063; 40;0 ;NetPacket
1564730163,197187; 40;0 ;NetPacket
1564730163,19796; 161;0 ;NetPacket
1564730164,199797; 129;0 ;NetPacket
1564730164,20047; 145;0 ;NetPacket
1564730164,34178; 40;0 ;NetPacket
1564730164,380174; 40;0 ;NetPacket
1564730164,382858; 209;0 ;NetPacket
1564730164,525771; 40;0 ;NetPacket
1564730174,099051; 129;0 ;NetPacket
1564730208,112154; 129;0 ;NetPacket
1564730208,197776; 40;0 ;NetPacket
1564730211,671617; 204;0 ;NetPacket
1564730211,672334; 140;0 ;NetPacket
1564730211,673805; 204;0 ;NetPacket
1564730211,683018; 140;0 ;NetPacket
1564730211,683836; 156;0 ;NetPacket
1564730211,684239; 140;0 ;NetPacket
1564730211,68495; 140;0 ;NetPacket
1564730211,685793; 140;0 ;NetPacket
1564730211,686591; 140;0 ;NetPacket
1564730211,68735; 140;0 ;NetPacket
1564730211,688207; 140;0 ;NetPacket
1564730211,688833; 172;0 ;NetPacket
1564730211,68946; 140;0 ;NetPacket
1564730211,702947; 140;0 ;NetPacket
1564730211,704021; 140;0 ;NetPacket
1564730211,704905; 140;0 ;NetPacket
1564730211,705477; 140;0 ;NetPacket
1564730211,706371; 140;0 ;NetPacket
1564730211,707335; 140;0 ;NetPacket
1564730211,707724; 140;0 ;NetPacket
1564730211,708347; 140;0 ;NetPacket
1564730211,709145; 140;0 ;NetPacket
1564730211,709713; 172;0 ;NetPacket
1564730211,71362; 140;0 ;NetPacket
1564730211,714175; 156;0 ;NetPacket
1564730211,714335; 140;0 ;NetPacket
1564730211,764653; 40;0 ;NetPacket
1564730211,764728; 40;0 ;NetPacket
1564730211,76476; 40;0 ;NetPacket
1564730211,76925; 40;0 ;NetPacket
1564730211,769321; 40;0 ;NetPacket
1564730211,769364; 40;0 ;NetPacket
1564730211,769397; 40;0 ;NetPacket
1564730211,788821; 40;0 ;NetPacket
1564730211,803751; 40;0 ;NetPacket
1564730211,833528; 40;0 ;NetPacket
1564730211,836036; 129;0 ;NetPacket
1564730211,885251; 40;0 ;NetPacket
1564730222,098292; 129;0 ;NetPacket
1564730253,098625; 129;0 ;NetPacket
1564730253,184025; 40;0 ;NetPacket
1564730272,098985; 129;0 ;NetPacket
1564730272,184354; 40;0 ;NetPacket
1564730273,186155; 193;0 ;NetPacket
1564730273,290634; 40;0 ;NetPacket
1564730283,098413; 129;0 ;NetPacket
1564730317,116299; 129;0 ;NetPacket
1564730317,201567; 40;0 ;NetPacket
1564730333,098688; 129;0 ;NetPacket
1564730333,18394; 40;0 ;NetPacket
1564730377,201971; 40;0 ;NetPacket
1564730377,204138; 60;0 ;NetPacket
1564730377,289171; 40;0 ;NetPacket
1564730377,28961; 145;0 ;NetPacket
1564730377,385988; 40;0 ;NetPacket
1564730377,387689; 129;0 ;NetPacket
1564730377,513785; 40;0 ;NetPacket
1564730416,664919; 40;0 ;NetPacket
1564730416,665057; 40;0 ;NetPacket
1564730416,665081; 40;0 ;NetPacket
1564730416,665108; 40;0 ;NetPacket
1564730416,66513; 40;0 ;NetPacket
1564730416,665265; 40;0 ;NetPacket
1564730416,672475; 40;0 ;NetPacket
1564730416,672536; 40;0 ;NetPacket
1564730419,22126; 40;0 ;NetPacket
1564730419,221315; 40;0 ;NetPacket
1564730419,221488; 40;0 ;NetPacket
1564730419,221525; 40;0 ;NetPacket
1564730419,221551; 40;0 ;NetPacket
1564730419,278239; 60;0 ;NetPacket
1564730419,364053; 40;0 ;NetPacket
1564730419,364138; 145;0 ;NetPacket
1564730419,45099; 40;0 ;NetPacket
1564730419,452843; 241;0 ;NetPacket
1564730419,546121; 40;0 ;NetPacket
1564730419,546252; 40;0 ;NetPacket
1564730419,546308; 40;0 ;NetPacket
1564730419,546379; 40;0 ;NetPacket
1564730419,589763; 40;0 ;NetPacket
1564730419,631744; 40;0 ;NetPacket
1564730419,631776; 40;0 ;NetPacket
1564730419,631792; 40;0 ;NetPacket
1564730419,631804; 40;0 ;NetPacket
1564730419,631817; 40;0 ;NetPacket
1564730419,631832; 40;0 ;NetPacket
1564730419,63203; 40;0 ;NetPacket
1564730419,632504; 129;0 ;NetPacket
1564730419,95849; 40;0 ;NetPacket
1564730419,958609; 40;0 ;NetPacket
1564730420,686182; 40;0 ;NetPacket
1564730420,686215; 40;0 ;NetPacket
1564730421,818666; 40;0 ;NetPacket
1564730421,818776; 40;0 ;NetPacket
1564730422,099088; 241;0 ;NetPacket
1564730422,184297; 40;0 ;NetPacket
1564730422,575578; 40;0 ;NetPacket
1564730422,575615; 40;0 ;NetPacket
1564730425,275513; 40;0 ;NetPacket
1564730425,275623; 40;0 ;NetPacket
1564730425,326671; 177;0 ;NetPacket
1564730425,425511; 40;0 ;NetPacket
1564730425,425554; 40;0 ;NetPacket
1564730425,425571; 40;0 ;NetPacket
1564730425,425588; 40;0 ;NetPacket
1564730425,425604; 40;0 ;NetPacket
1564730425,511208; 40;0 ;NetPacket
1564730425,511263; 40;0 ;NetPacket
1564730425,511771; 129;0 ;NetPacket
1564730426,673126; 145;0 ;NetPacket
1564730426,974032; 40;0 ;NetPacket
1564730426,974073; 40;0 ;NetPacket
1564730426,974293; 129;0 ;NetPacket
1564730428,86023; 40;0 ;NetPacket
1564730428,901645; 40;0 ;NetPacket
1564730429,608192; 40;0 ;NetPacket
1564730429,608243; 40;0 ;NetPacket
1564730439,097772; 145;0 ;NetPacket
1564730440,513857; 40;0 ;NetPacket
1564730440,600445; 40;0 ;NetPacket
1564730444,3433; 40;0 ;NetPacket
1564730444,343402; 40;0 ;NetPacket
1564730444,343608; 129;0 ;NetPacket
1564730444,394933; 60;0 ;NetPacket
1564730444,4793; 40;0 ;NetPacket
1564730444,479504; 145;0 ;NetPacket
1564730444,564561; 40;0 ;NetPacket
1564730444,564985; 241;0 ;NetPacket
1564730444,659908; 40;0 ;NetPacket
1564730444,660042; 40;0 ;NetPacket
1564730444,660061; 40;0 ;NetPacket
1564730444,660121; 40;0 ;NetPacket
1564730444,660517; 129;0 ;NetPacket
1564730447,900732; 40;0 ;NetPacket
1564730447,941656; 40;0 ;NetPacket
1564730447,952572; 177;0 ;NetPacket
1564730448,055873; 40;0 ;NetPacket
1564730448,055897; 40;0 ;NetPacket
1564730448,056164; 129;0 ;NetPacket
1564730449,577414; 40;0 ;NetPacket
1564730449,577586; 40;0 ;NetPacket
1564730458,098986; 193;0 ;NetPacket
1564730458,183987; 40;0 ;NetPacket
1564730463,098274; 40;0 ;NetPacket
1564730463,183234; 40;0 ;NetPacket
1564730503,123591; 129;0 ;NetPacket
1564730503,215545; 40;0 ;NetPacket
1564730503,216383; 145;0 ;NetPacket
1564730504,21787; 145;0 ;NetPacket
1564730504,218469; 129;0 ;NetPacket
1564730504,357776; 40;0 ;NetPacket
1564730504,416178; 40;0 ;NetPacket
1564730504,418427; 225;0 ;NetPacket
1564730504,51809; 40;0 ;NetPacket
1564730514,098516; 129;0 ;NetPacket
1564730548,116338; 129;0 ;NetPacket
1564730548,202217; 145;0 ;NetPacket
1564730593,099369; 129;0 ;NetPacket
1564730593,225775; 40;0 ;NetPacket
1564730594,186608; 193;0 ;NetPacket
1564730594,288961; 40;0 ;NetPacket
1564730604,098196; 129;0 ;NetPacket
1564730638,13223; 129;0 ;NetPacket
1564730638,217754; 40;0 ;NetPacket
1564730653,184984; 40;0 ;NetPacket
1564730653,187094; 60;0 ;NetPacket
1564730653,272085; 40;0 ;NetPacket
1564730653,272568; 145;0 ;NetPacket
1564730653,362509; 40;0 ;NetPacket
1564730653,363123; 129;0 ;NetPacket
1564730653,448835; 161;0 ;NetPacket
1564730654,517787; 129;0 ;NetPacket
1564730654,518476; 145;0 ;NetPacket
1564730654,518921; 145;0 ;NetPacket
1564730654,653877; 40;0 ;NetPacket
1564730654,698333; 40;0 ;NetPacket
1564730654,699194; 241;0 ;NetPacket
1564730654,841788; 40;0 ;NetPacket
1564730662,32297; 40;0 ;NetPacket
1564730662,323088; 40;0 ;NetPacket
1564730662,323332; 40;0 ;NetPacket
1564730662,323405; 40;0 ;NetPacket
1564730662,323661; 40;0 ;NetPacket
1564730664,698361; 145;0 ;NetPacket
1564730666,47587; 40;0 ;NetPacket
1564730666,475999; 40;0 ;NetPacket
1564730666,476835; 129;0 ;NetPacket
1564730671,516756; 40;0 ;NetPacket
1564730671,553785; 40;0 ;NetPacket
1564730676,092783; 40;0 ;NetPacket
1564730676,092891; 40;0 ;NetPacket
1564730680,312848; 40;0 ;NetPacket
1564730680,312985; 40;0 ;NetPacket
1564730681,498536; 145;0 ;NetPacket
1564730693,197629; 177;0 ;NetPacket
1564730693,282642; 40;0 ;NetPacket
1564730693,288579; 40;0 ;NetPacket
1564730695,201328; 177;0 ;NetPacket
1564730695,292644; 40;0 ;NetPacket
1564730705,098952; 129;0 ;NetPacket
1564730738,103145; 129;0 ;NetPacket
1564730738,188483; 40;0 ;NetPacket
1564730738,189323; 145;0 ;NetPacket
1564730739,19084; 129;0 ;NetPacket
1564730739,333612; 40;0 ;NetPacket
1564730745,001804; 40;0 ;NetPacket
1564730745,002086; 40;0 ;NetPacket
1564730749,098668; 145;0 ;NetPacket
1564730783,118174; 129;0 ;NetPacket
1564730783,203493; 40;0 ;NetPacket
1564730783,204173; 129;0 ;NetPacket
1564730828,111631; 129;0 ;NetPacket
1564730828,19706; 40;0 ;NetPacket
1564730838,09856; 145;0 ;NetPacket
1564730873,105872; 129;0 ;NetPacket
1564730873,191792; 129;0 ;NetPacket
1564730918,101038; 129;0 ;NetPacket
1564730918,229653; 40;0 ;NetPacket
1564730933,09908; 129;0 ;NetPacket
1564730933,184602; 40;0 ;NetPacket
1564730933,184736; 40;0 ;NetPacket
1564730933,184801; 40;0 ;NetPacket
1564730933,20567; 60;0 ;NetPacket
1564730933,250347; 60;0 ;NetPacket
1564730933,290592; 40;0 ;NetPacket
1564730933,291019; 145;0 ;NetPacket
1564730933,336374; 40;0 ;NetPacket
1564730933,336571; 145;0 ;NetPacket
1564730933,376153; 40;0 ;NetPacket
1564730933,377308; 241;0 ;NetPacket
1564730933,423353; 40;0 ;NetPacket
1564730933,425193; 321;0 ;NetPacket
1564730933,505722; 40;0 ;NetPacket
1564730933,507031; 40;0 ;NetPacket
1564730933,507177; 40;0 ;NetPacket
1564730933,507282; 40;0 ;NetPacket
1564730933,507374; 40;0 ;NetPacket
1564730933,50746; 40;0 ;NetPacket
1564730933,507546; 40;0 ;NetPacket
1564730933,507628; 40;0 ;NetPacket
1564730933,507709; 40;0 ;NetPacket
1564730933,519355; 40;0 ;NetPacket
1564730933,519774; 40;0 ;NetPacket
1564730933,520333; 40;0 ;NetPacket
1564730933,521547; 145;0 ;NetPacket
1564730943,098902; 145;0 ;NetPacket
1564730943,099655; 145;0 ;NetPacket
1564730943,18414; 40;0 ;NetPacket
1564730943,184931; 40;0 ;NetPacket
1564730948,522062; 40;0 ;NetPacket
1564730948,522909; 40;0 ;NetPacket
1564730948,607832; 40;0 ;NetPacket
1564730948,608441; 40;0 ;NetPacket
1564730978,120239; 129;0 ;NetPacket
1564730978,205311; 40;0 ;NetPacket
1564730993,098066; 129;0 ;NetPacket
1564730993,183445; 40;0 ;NetPacket
1564730993,183583; 40;0 ;NetPacket
1564730993,183683; 40;0 ;NetPacket
1564730993,18375; 40;0 ;NetPacket
1564730993,205434; 60;0 ;NetPacket
1564730993,207111; 60;0 ;NetPacket
1564730993,290384; 40;0 ;NetPacket
1564730993,290793; 145;0 ;NetPacket
1564730993,291754; 40;0 ;NetPacket
1564730993,292067; 145;0 ;NetPacket
1564730993,375772; 40;0 ;NetPacket
1564730993,376393; 241;0 ;NetPacket
1564730993,37662; 40;0 ;NetPacket
1564730993,377078; 321;0 ;NetPacket
1564730993,466448; 40;0 ;NetPacket
1564730993,46747; 40;0 ;NetPacket
1564730993,467564; 40;0 ;NetPacket
1564730993,469096; 145;0 ;NetPacket
1564730993,509875; 40;0 ;NetPacket
1564731003,098634; 161;0 ;NetPacket
1564731003,099286; 145;0 ;NetPacket
1564731008,471129; 40;0 ;NetPacket
1564731008,472084; 40;0 ;NetPacket
1564731008,556183; 40;0 ;NetPacket
1564731008,556937; 40;0 ;NetPacket
1564731038,098791; 129;0 ;NetPacket
1564731038,190081; 40;0 ;NetPacket
1564731038,190211; 40;0 ;NetPacket
1564731038,190275; 40;0 ;NetPacket
1564731038,190339; 40;0 ;NetPacket
1564731038,191466; 177;0 ;NetPacket
1564731038,207916; 60;0 ;NetPacket
1564731038,294172; 40;0 ;NetPacket
1564731038,294388; 145;0 ;NetPacket
1564731038,381023; 40;0 ;NetPacket
1564731038,3819; 305;0 ;NetPacket
1564731038,47474; 40;0 ;NetPacket
1564731038,475109; 40;0 ;NetPacket
1564731038,475188; 40;0 ;NetPacket
1564731038,475463; 40;0 ;NetPacket
1564731038,517772; 40;0 ;NetPacket
1564731038,560733; 40;0 ;NetPacket
1564731038,560862; 40;0 ;NetPacket
1564731038,560937; 40;0 ;NetPacket
1564731038,560999; 40;0 ;NetPacket
1564731038,561063; 40;0 ;NetPacket
1564731038,561145; 40;0 ;NetPacket
1564731038,561206; 40;0 ;NetPacket
1564731038,561264; 40;0 ;NetPacket
1564731038,561319; 40;0 ;NetPacket
1564731038,561379; 40;0 ;NetPacket
1564731038,561437; 40;0 ;NetPacket
1564731038,56149; 40;0 ;NetPacket
1564731038,561551; 40;0 ;NetPacket
1564731038,567569; 145;0 ;NetPacket
1564731039,193965; 129;0 ;NetPacket
1564731039,315195; 40;0 ;NetPacket
1564731039,316678; 209;0 ;NetPacket
1564731039,374314; 60;0 ;NetPacket
1564731039,374714; 60;0 ;NetPacket
1564731039,41145; 40;0 ;NetPacket
1564731039,411573; 40;0 ;NetPacket
1564731039,412034; 145;0 ;NetPacket
1564731039,412266; 145;0 ;NetPacket
1564731039,448879; 40;0 ;NetPacket
1564731039,448934; 40;0 ;NetPacket
1564731039,449201; 40;0 ;NetPacket
1564731039,449643; 40;0 ;NetPacket
1564731039,450201; 241;0 ;NetPacket
1564731039,491945; 40;0 ;NetPacket
1564731039,492099; 40;0 ;NetPacket
1564731039,49212; 40;0 ;NetPacket
1564731039,492194; 40;0 ;NetPacket
1564731039,528685; 40;0 ;NetPacket
1564731039,528813; 40;0 ;NetPacket
1564731039,528884; 40;0 ;NetPacket
1564731039,532855; 129;0 ;NetPacket
1564731049,098959; 129;0 ;NetPacket
1564731053,568543; 40;0 ;NetPacket
1564731053,655334; 40;0 ;NetPacket
1564731054,5333; 40;0 ;NetPacket
1564731054,570492; 40;0 ;NetPacket
1564731083,012181; 1500;0 ;NetPacket
1564731083,012232; 1500;0 ;NetPacket
1564731083,012257; 1500;0 ;NetPacket
1564731083,012281; 1500;0 ;NetPacket
1564731083,012347; 1500;0 ;NetPacket
1564731083,012409; 1500;0 ;NetPacket
1564731083,012443; 1500;0 ;NetPacket
1564731083,012468; 1500;0 ;NetPacket
1564731083,012501; 1500;0 ;NetPacket
1564731083,012534; 1500;0 ;NetPacket
1564731083,012566; 1500;0 ;NetPacket
1564731083,012599; 1500;0 ;NetPacket
1564731083,01264; 1500;0 ;NetPacket
1564731083,012682; 1500;0 ;NetPacket
1564731083,012721; 1500;0 ;NetPacket
1564731083,012756; 1500;0 ;NetPacket
1564731083,012789; 1500;0 ;NetPacket
1564731083,012821; 1500;0 ;NetPacket
1564731083,012881; 1500;0 ;NetPacket
1564731083,012926; 1500;0 ;NetPacket
1564731083,012958; 1500;0 ;NetPacket
1564731083,01299; 1500;0 ;NetPacket
1564731083,013021; 1500;0 ;NetPacket
1564731083,013081; 1500;0 ;NetPacket
1564731083,013112; 1500;0 ;NetPacket
1564731083,013144; 1500;0 ;NetPacket
1564731083,013177; 1500;0 ;NetPacket
1564731083,013208; 1500;0 ;NetPacket
1564731083,01324; 1500;0 ;NetPacket
1564731083,013271; 1500;0 ;NetPacket
1564731083,013303; 1500;0 ;NetPacket
1564731083,013335; 1500;0 ;NetPacket
1564731083,013367; 1500;0 ;NetPacket
1564731083,013398; 1500;0 ;NetPacket
1564731083,013431; 1500;0 ;NetPacket
1564731083,013462; 1500;0 ;NetPacket
1564731083,013495; 1500;0 ;NetPacket
1564731083,013546; 1500;0 ;NetPacket
1564731083,013594; 1500;0 ;NetPacket
1564731083,013628; 1500;0 ;NetPacket
1564731083,01366; 1500;0 ;NetPacket
1564731083,013691; 1500;0 ;NetPacket
1564731083,013723; 1500;0 ;NetPacket
1564731083,013755; 1500;0 ;NetPacket
1564731083,013816; 1500;0 ;NetPacket
1564731083,013853; 1500;0 ;NetPacket
1564731083,013885; 1500;0 ;NetPacket
1564731083,013918; 1500;0 ;NetPacket
1564731083,01395; 1500;0 ;NetPacket
1564731083,013983; 1500;0 ;NetPacket
1564731083,014014; 1500;0 ;NetPacket
1564731083,014046; 1500;0 ;NetPacket
1564731083,014078; 1500;0 ;NetPacket
1564731083,014109; 1500;0 ;NetPacket
1564731083,014142; 1500;0 ;NetPacket
1564731083,014175; 1500;0 ;NetPacket
1564731083,014206; 1500;0 ;NetPacket
1564731083,014238; 1500;0 ;NetPacket
1564731083,014269; 1500;0 ;NetPacket
1564731083,014301; 1500;0 ;NetPacket
1564731083,014333; 1500;0 ;NetPacket
1564731083,014366; 1240;0 ;NetPacket
1564731083,01553; 236;0 ;NetPacket
1564731083,016585; 204;0 ;NetPacket
1564731083,017239; 140;0 ;NetPacket
1564731083,017641; 140;0 ;NetPacket
1564731083,018336; 140;0 ;NetPacket
1564731083,019419; 140;0 ;NetPacket
1564731083,020318; 140;0 ;NetPacket
1564731083,021106; 140;0 ;NetPacket
1564731083,021965; 140;0 ;NetPacket
1564731083,022864; 140;0 ;NetPacket
1564731083,023518; 140;0 ;NetPacket
1564731083,024299; 140;0 ;NetPacket
1564731083,02503; 140;0 ;NetPacket
1564731083,02575; 140;0 ;NetPacket
1564731083,026404; 140;0 ;NetPacket
1564731083,027026; 140;0 ;NetPacket
1564731083,027923; 140;0 ;NetPacket
1564731083,028929; 140;0 ;NetPacket
1564731083,029817; 172;0 ;NetPacket
1564731083,030509; 172;0 ;NetPacket
1564731083,031325; 156;0 ;NetPacket
1564731083,031686; 140;0 ;NetPacket
1564731083,032032; 140;0 ;NetPacket
1564731083,032414; 140;0 ;NetPacket
1564731083,032766; 140;0 ;NetPacket
1564731083,033567; 140;0 ;NetPacket
1564731083,034121; 156;0 ;NetPacket
1564731083,034243; 140;0 ;NetPacket
1564731083,130329; 129;0 ;NetPacket
1564731083,215112; 40;0 ;NetPacket
1564731083,215474; 40;0 ;NetPacket
1564731083,215519; 40;0 ;NetPacket
1564731083,215559; 40;0 ;NetPacket
1564731083,215596; 40;0 ;NetPacket
1564731083,215627; 40;0 ;NetPacket
1564731083,215656; 40;0 ;NetPacket
1564731083,215684; 40;0 ;NetPacket
1564731083,215724; 40;0 ;NetPacket
1564731083,21921; 129;0 ;NetPacket
1564731083,270199; 40;0 ;NetPacket
1564731083,270235; 40;0 ;NetPacket
1564731083,27029; 40;0 ;NetPacket
1564731083,270316; 40;0 ;NetPacket
1564731083,270342; 40;0 ;NetPacket
1564731083,270352; 40;0 ;NetPacket
1564731083,270364; 40;0 ;NetPacket
1564731083,270376; 40;0 ;NetPacket
1564731083,270388; 40;0 ;NetPacket
1564731083,354776; 40;0 ;NetPacket
1564731083,35481; 40;0 ;NetPacket
1564731083,354825; 40;0 ;NetPacket
1564731083,354838; 40;0 ;NetPacket
1564731083,354852; 40;0 ;NetPacket
1564731083,354865; 40;0 ;NetPacket
1564731083,354878; 40;0 ;NetPacket
1564731083,354892; 40;0 ;NetPacket
1564731083,354906; 40;0 ;NetPacket
1564731083,35492; 40;0 ;NetPacket
1564731083,362817; 236;0 ;NetPacket
1564731083,362986; 332;0 ;NetPacket
1564731083,581402; 40;0 ;NetPacket
1564731083,589178; 40;0 ;NetPacket
1564731091,567167; 204;0 ;NetPacket
1564731091,568202; 140;0 ;NetPacket
1564731091,654207; 40;0 ;NetPacket
1564731091,691665; 40;0 ;NetPacket
1564731091,739134; 40;0 ;NetPacket
1564731093,573548; 161;0 ;NetPacket
1564731128,110414; 129;0 ;NetPacket
1564731128,195662; 40;0 ;NetPacket
1564731128,195789; 40;0 ;NetPacket
1564731128,19655; 129;0 ;NetPacket
1564731129,198123; 129;0 ;NetPacket
1564731129,35379; 40;0 ;NetPacket
1564731139,100078; 129;0 ;NetPacket
1564731171,277579; 40;0 ;NetPacket
1564731171,277967; 40;0 ;NetPacket
1564731171,278057; 40;0 ;NetPacket
1564731171,278126; 40;0 ;NetPacket
1564731171,278186; 40;0 ;NetPacket
1564731171,278277; 40;0 ;NetPacket
1564731171,278347; 40;0 ;NetPacket
1564731171,278405; 40;0 ;NetPacket
1564731171,278466; 40;0 ;NetPacket
1564731171,278528; 40;0 ;NetPacket
1564731171,27858; 40;0 ;NetPacket
1564731171,278638; 40;0 ;NetPacket
1564731171,278692; 40;0 ;NetPacket
1564731171,278747; 40;0 ;NetPacket
1564731171,278816; 40;0 ;NetPacket
1564731171,278875; 40;0 ;NetPacket
1564731171,28088; 225;0 ;NetPacket
1564731171,414088; 40;0 ;NetPacket
1564731172,282581; 129;0 ;NetPacket
1564731172,283022; 145;0 ;NetPacket
1564731172,38017; 40;0 ;NetPacket
1564731172,480693; 40;0 ;NetPacket
1564731172,482219; 209;0 ;NetPacket
1564731172,625747; 40;0 ;NetPacket
1564731182,098654; 129;0 ;NetPacket
1564731216,110473; 129;0 ;NetPacket
1564731216,195934; 40;0 ;NetPacket
1564731216,196674; 145;0 ;NetPacket
1564731217,198237; 129;0 ;NetPacket
1564731217,199159; 145;0 ;NetPacket
1564731217,333898; 40;0 ;NetPacket
1564731217,374205; 40;0 ;NetPacket
1564731217,374994; 209;0 ;NetPacket
1564731217,517937; 40;0 ;NetPacket
1564731227,098251; 129;0 ;NetPacket
1564731227,183495; 40;0 ;NetPacket
1564731227,476547; 129;0 ;NetPacket
1564731250,593447; 40;0 ;NetPacket
1564731250,594262; 40;0 ;NetPacket
1564731250,594879; 193;0 ;NetPacket
1564731250,721807; 40;0 ;NetPacket
1564731255,662103; 40;0 ;NetPacket
1564731255,662481; 40;0 ;NetPacket
1564731260,790711; 40;0 ;NetPacket
1564731260,790821; 40;0 ;NetPacket
1564731265,673741; 145;0 ;NetPacket
1564731295,11676; 129;0 ;NetPacket
1564731295,207449; 40;0 ;NetPacket
1564731310,680166; 40;0 ;NetPacket
1564731310,682199; 60;0 ;NetPacket
1564731310,772141; 40;0 ;NetPacket
1564731310,772609; 145;0 ;NetPacket
1564731310,874194; 40;0 ;NetPacket
1564731310,875834; 129;0 ;NetPacket
1564731310,971432; 40;0 ;NetPacket
1564731310,97244; 161;0 ;NetPacket
1564731356,10356; 129;0 ;NetPacket
1564731356,23777; 40;0 ;NetPacket
1564731371,10178; 129;0 ;NetPacket
1564731371,192019; 40;0 ;NetPacket
1564731416,10352; 129;0 ;NetPacket
1564731416,193633; 40;0 ;NetPacket
1564731426,098648; 129;0 ;NetPacket
1564731426,188765; 40;0 ;NetPacket
1564731426,19665; 129;0 ;NetPacket
1564731461,120233; 129;0 ;NetPacket
1564731461,253735; 40;0 ;NetPacket
1564731486,098495; 129;0 ;NetPacket
1564731486,188976; 40;0 ;NetPacket
1564731531,135852; 129;0 ;NetPacket
1564731531,229501; 40;0 ;NetPacket
1564731576,120067; 129;0 ;NetPacket
1564731576,210168; 40;0 ;NetPacket
1564731586,098558; 145;0 ;NetPacket
1564731621,104439; 129;0 ;NetPacket
1564731621,194066; 40;0 ;NetPacket
1564731636,098115; 129;0 ;NetPacket
1564731636,188567; 40;0 ;NetPacket
1564731636,188695; 40;0 ;NetPacket
1564731637,215914; 225;0 ;NetPacket
1564731637,21659; 145;0 ;NetPacket
1564731637,317942; 40;0 ;NetPacket
1564731637,414838; 40;0 ;NetPacket
1564731637,415576; 209;0 ;NetPacket
1564731637,565905; 40;0 ;NetPacket
1564731639,283399; 40;0 ;NetPacket
1564731639,283732; 40;0 ;NetPacket
1564731639,283808; 40;0 ;NetPacket
1564731639,283867; 40;0 ;NetPacket
1564731639,284146; 40;0 ;NetPacket
1564731639,284212; 40;0 ;NetPacket
1564731643,216895; 40;0 ;NetPacket
1564731643,21855; 40;0 ;NetPacket
1564731646,965868; 40;0 ;NetPacket
1564731646,966641; 40;0 ;NetPacket
1564731647,524056; 161;0 ;NetPacket
1564731651,187025; 40;0 ;NetPacket
1564731651,1875; 40;0 ;NetPacket
1564731651,187634; 40;0 ;NetPacket
1564731651,189087; 145;0 ;NetPacket
1564731655,353689; 40;0 ;NetPacket
1564731655,401802; 40;0 ;NetPacket
1564731663,643107; 40;0 ;NetPacket
1564731663,643405; 40;0 ;NetPacket
1564731663,644162; 40;0 ;NetPacket
1564731665,348771; 145;0 ;NetPacket
1564731678,864356; 40;0 ;NetPacket
1564731678,865169; 40;0 ;NetPacket
1564731678,86585; 193;0 ;NetPacket
1564731678,999079; 40;0 ;NetPacket
1564731724,112919; 129;0 ;NetPacket
1564731724,203371; 40;0 ;NetPacket
1564731724,203509; 40;0 ;NetPacket
1564731734,098425; 145;0 ;NetPacket
1564731769,120115; 129;0 ;NetPacket
1564731769,210473; 40;0 ;NetPacket
1564731769,211182; 129;0 ;NetPacket
1564731814,116481; 129;0 ;NetPacket
1564731814,249698; 40;0 ;NetPacket
1564731829,099418; 129;0 ;NetPacket
1564731829,189716; 40;0 ;NetPacket
1564731829,189838; 40;0 ;NetPacket
1564731830,191451; 225;0 ;NetPacket
1564731830,192126; 145;0 ;NetPacket
1564731830,293402; 40;0 ;NetPacket
1564731830,398211; 40;0 ;NetPacket
1564731830,398273; 40;0 ;NetPacket
1564731840,098827; 145;0 ;NetPacket
1564731840,188881; 40;0 ;NetPacket
1564731840,299254; 129;0 ;NetPacket
1564731874,112741; 129;0 ;NetPacket
1564731874,206569; 40;0 ;NetPacket
1564731874,206692; 40;0 ;NetPacket
1564731874,207531; 177;0 ;NetPacket
1564731875,209307; 129;0 ;NetPacket
1564731875,209996; 145;0 ;NetPacket
1564731875,353889; 40;0 ;NetPacket
1564731875,406639; 40;0 ;NetPacket
1564731875,407394; 209;0 ;NetPacket
1564731875,553728; 40;0 ;NetPacket
1564731885,098752; 129;0 ;NetPacket
1564731897,929301; 1500;0 ;NetPacket
1564731897,929369; 1500;0 ;NetPacket
1564731897,929395; 1500;0 ;NetPacket
1564731897,929437; 1500;0 ;NetPacket
1564731897,929473; 1500;0 ;NetPacket
1564731897,929528; 1500;0 ;NetPacket
1564731897,929597; 1500;0 ;NetPacket
1564731897,929624; 1500;0 ;NetPacket
1564731897,929646; 1500;0 ;NetPacket
1564731897,929682; 1500;0 ;NetPacket
1564731897,929714; 1500;0 ;NetPacket
1564731897,929746; 1500;0 ;NetPacket
1564731897,929779; 1500;0 ;NetPacket
1564731897,92981; 1500;0 ;NetPacket
1564731897,929842; 1500;0 ;NetPacket
1564731897,929875; 1500;0 ;NetPacket
1564731897,929907; 1500;0 ;NetPacket
1564731897,929939; 1500;0 ;NetPacket
1564731897,929971; 1500;0 ;NetPacket
1564731897,930003; 1500;0 ;NetPacket
1564731897,930035; 1500;0 ;NetPacket
1564731897,930069; 1500;0 ;NetPacket
1564731897,9301; 1500;0 ;NetPacket
1564731897,930133; 1500;0 ;NetPacket
1564731897,930164; 1500;0 ;NetPacket
1564731897,930196; 1500;0 ;NetPacket
1564731897,930228; 1500;0 ;NetPacket
1564731897,93026; 1500;0 ;NetPacket
1564731897,930292; 1500;0 ;NetPacket
1564731897,930325; 1500;0 ;NetPacket
1564731897,930357; 1500;0 ;NetPacket
1564731897,930389; 1500;0 ;NetPacket
1564731897,930421; 1500;0 ;NetPacket
1564731897,930452; 1500;0 ;NetPacket
1564731897,930485; 1500;0 ;NetPacket
1564731897,930517; 1500;0 ;NetPacket
1564731897,93055; 1500;0 ;NetPacket
1564731897,930582; 1500;0 ;NetPacket
1564731897,930614; 1500;0 ;NetPacket
1564731897,930646; 1500;0 ;NetPacket
1564731897,930678; 1500;0 ;NetPacket
1564731897,93071; 1500;0 ;NetPacket
1564731897,930742; 1500;0 ;NetPacket
1564731897,930785; 1500;0 ;NetPacket
1564731897,930828; 1500;0 ;NetPacket
1564731897,930871; 1500;0 ;NetPacket
1564731897,93091; 1500;0 ;NetPacket
1564731897,930943; 1500;0 ;NetPacket
1564731897,930975; 1500;0 ;NetPacket
1564731897,931007; 1500;0 ;NetPacket
1564731897,931038; 1500;0 ;NetPacket
1564731897,931071; 1500;0 ;NetPacket
1564731897,931104; 1500;0 ;NetPacket
1564731897,931137; 1500;0 ;NetPacket
1564731897,931168; 1500;0 ;NetPacket
1564731897,931247; 1500;0 ;NetPacket
1564731897,931285; 1500;0 ;NetPacket
1564731897,931317; 1500;0 ;NetPacket
1564731897,931349; 1500;0 ;NetPacket
1564731897,931382; 1500;0 ;NetPacket
1564731897,931414; 1500;0 ;NetPacket
1564731897,931446; 1500;0 ;NetPacket
1564731897,931478; 1500;0 ;NetPacket
1564731897,931511; 1500;0 ;NetPacket
1564731897,931543; 1500;0 ;NetPacket
1564731897,931575; 1500;0 ;NetPacket
1564731897,931606; 1500;0 ;NetPacket
1564731897,931639; 1500;0 ;NetPacket
1564731897,931671; 1500;0 ;NetPacket
1564731897,931703; 1500;0 ;NetPacket
1564731897,931735; 1500;0 ;NetPacket
1564731897,931766; 1500;0 ;NetPacket
1564731897,931799; 1500;0 ;NetPacket
1564731897,931831; 1500;0 ;NetPacket
1564731897,931863; 1500;0 ;NetPacket
1564731897,931895; 1500;0 ;NetPacket
1564731897,931927; 1500;0 ;NetPacket
1564731897,931959; 1500;0 ;NetPacket
1564731897,931991; 1500;0 ;NetPacket
1564731897,932023; 1500;0 ;NetPacket
1564731897,932055; 1500;0 ;NetPacket
1564731897,932087; 1500;0 ;NetPacket
1564731897,932119; 1500;0 ;NetPacket
1564731897,932151; 1500;0 ;NetPacket
1564731897,93219; 1500;0 ;NetPacket
1564731897,932222; 1500;0 ;NetPacket
1564731897,932254; 1500;0 ;NetPacket
1564731897,932286; 512;0 ;NetPacket
1564731897,936138; 172;0 ;NetPacket
1564731897,94276; 236;0 ;NetPacket
1564731897,944752; 140;0 ;NetPacket
1564731897,945704; 140;0 ;NetPacket
1564731897,948709; 140;0 ;NetPacket
1564731897,949161; 172;0 ;NetPacket
1564731897,949576; 140;0 ;NetPacket
1564731897,95656; 1488;0 ;NetPacket
1564731898,271121; 40;0 ;NetPacket
1564731898,271233; 40;0 ;NetPacket
1564731898,323041; 1500;0 ;NetPacket
1564731898,323099; 1500;0 ;NetPacket
1564731898,323141; 1500;0 ;NetPacket
1564731898,32317; 1500;0 ;NetPacket
1564731898,323195; 1500;0 ;NetPacket
1564731898,323253; 1500;0 ;NetPacket
1564731898,323281; 1500;0 ;NetPacket
1564731898,323307; 1500;0 ;NetPacket
1564731898,323343; 1500;0 ;NetPacket
1564731898,323379; 1500;0 ;NetPacket
1564731898,323414; 1500;0 ;NetPacket
1564731898,323454; 1500;0 ;NetPacket
1564731898,32349; 1500;0 ;NetPacket
1564731898,323525; 1500;0 ;NetPacket
1564731898,32356; 1500;0 ;NetPacket
1564731898,323596; 1500;0 ;NetPacket
1564731898,323632; 1500;0 ;NetPacket
1564731898,323667; 1500;0 ;NetPacket
1564731898,323703; 1500;0 ;NetPacket
1564731898,323738; 1500;0 ;NetPacket
1564731898,323774; 1500;0 ;NetPacket
1564731898,323809; 1500;0 ;NetPacket
1564731898,323844; 1500;0 ;NetPacket
1564731898,32388; 1500;0 ;NetPacket
1564731898,323927; 1500;0 ;NetPacket
1564731898,323977; 1500;0 ;NetPacket
1564731898,324029; 1500;0 ;NetPacket
1564731898,324074; 1500;0 ;NetPacket
1564731898,32411; 1500;0 ;NetPacket
1564731898,324146; 1500;0 ;NetPacket
1564731898,324189; 1500;0 ;NetPacket
1564731898,324225; 1500;0 ;NetPacket
1564731898,324261; 1500;0 ;NetPacket
1564731898,324296; 1500;0 ;NetPacket
1564731898,324331; 1500;0 ;NetPacket
1564731898,324367; 1500;0 ;NetPacket
1564731898,324403; 1500;0 ;NetPacket
1564731898,324438; 1500;0 ;NetPacket
1564731898,324472; 1500;0 ;NetPacket
1564731898,324509; 1500;0 ;NetPacket
1564731898,324555; 1500;0 ;NetPacket
1564731898,324588; 1500;0 ;NetPacket
1564731898,32462; 1500;0 ;NetPacket
1564731898,324652; 1500;0 ;NetPacket
1564731898,324684; 1500;0 ;NetPacket
1564731898,324716; 1500;0 ;NetPacket
1564731898,324748; 1500;0 ;NetPacket
1564731898,32478; 1500;0 ;NetPacket
1564731898,324812; 1500;0 ;NetPacket
1564731898,324844; 1500;0 ;NetPacket
1564731898,324876; 1500;0 ;NetPacket
1564731898,324908; 1500;0 ;NetPacket
1564731898,32494; 1500;0 ;NetPacket
1564731898,324972; 1500;0 ;NetPacket
1564731898,325004; 1500;0 ;NetPacket
1564731898,325036; 1500;0 ;NetPacket
1564731898,325061; 1500;0 ;NetPacket
1564731898,325094; 1500;0 ;NetPacket
1564731898,325126; 1500;0 ;NetPacket
1564731898,325157; 1500;0 ;NetPacket
1564731898,325194; 1500;0 ;NetPacket
1564731898,325248; 1500;0 ;NetPacket
1564731898,32528; 1500;0 ;NetPacket
1564731898,325311; 1500;0 ;NetPacket
1564731898,325344; 1500;0 ;NetPacket
1564731898,325376; 1500;0 ;NetPacket
1564731898,325407; 1500;0 ;NetPacket
1564731898,325439; 1500;0 ;NetPacket
1564731898,325471; 1500;0 ;NetPacket
1564731898,325502; 1500;0 ;NetPacket
1564731898,325535; 1500;0 ;NetPacket
1564731898,325567; 1500;0 ;NetPacket
1564731898,325606; 1500;0 ;NetPacket
1564731898,325638; 1500;0 ;NetPacket
1564731898,32567; 1500;0 ;NetPacket
1564731898,329226; 1500;0 ;NetPacket
1564731898,329257; 1500;0 ;NetPacket
1564731898,329292; 1500;0 ;NetPacket
1564731898,329325; 1500;0 ;NetPacket
1564731898,329358; 1500;0 ;NetPacket
1564731898,329389; 1500;0 ;NetPacket
1564731898,329422; 1500;0 ;NetPacket
1564731898,329446; 1500;0 ;NetPacket
1564731898,32948; 1500;0 ;NetPacket
1564731898,329516; 1500;0 ;NetPacket
1564731898,329573; 1500;0 ;NetPacket
1564731898,329613; 1500;0 ;NetPacket
1564731898,329659; 512;0 ;NetPacket
1564731898,330047; 140;0 ;NetPacket
1564731898,330368; 140;0 ;NetPacket
1564731898,33066; 204;0 ;NetPacket
1564731898,330974; 140;0 ;NetPacket
1564731898,331379; 140;0 ;NetPacket
1564731898,331663; 140;0 ;NetPacket
1564731898,331984; 140;0 ;NetPacket
1564731898,332362; 140;0 ;NetPacket
1564731898,332651; 140;0 ;NetPacket
1564731898,332974; 140;0 ;NetPacket
1564731898,333341; 140;0 ;NetPacket
1564731898,333661; 140;0 ;NetPacket
1564731898,334374; 140;0 ;NetPacket
1564731898,334934; 140;0 ;NetPacket
1564731898,335225; 140;0 ;NetPacket
1564731898,335509; 140;0 ;NetPacket
1564731898,335792; 140;0 ;NetPacket
1564731898,336075; 140;0 ;NetPacket
1564731898,336392; 140;0 ;NetPacket
1564731898,336659; 140;0 ;NetPacket
1564731898,336831; 140;0 ;NetPacket
1564731898,336928; 140;0 ;NetPacket
1564731898,495887; 40;0 ;NetPacket
1564731898,496008; 40;0 ;NetPacket
1564731898,49607; 40;0 ;NetPacket
1564731898,496128; 40;0 ;NetPacket
1564731898,496235; 40;0 ;NetPacket
1564731898,496304; 40;0 ;NetPacket
1564731898,496362; 40;0 ;NetPacket
1564731898,496416; 40;0 ;NetPacket
1564731898,496474; 40;0 ;NetPacket
1564731898,580407; 40;0 ;NetPacket
1564731898,641985; 1500;0 ;NetPacket
1564731898,642089; 1500;0 ;NetPacket
1564731898,642149; 1500;0 ;NetPacket
1564731898,642189; 1500;0 ;NetPacket
1564731898,642229; 1500;0 ;NetPacket
1564731898,642266; 1500;0 ;NetPacket
1564731898,642302; 1500;0 ;NetPacket
1564731898,642337; 1500;0 ;NetPacket
1564731898,642373; 1500;0 ;NetPacket
1564731898,642421; 1500;0 ;NetPacket
1564731898,642458; 1500;0 ;NetPacket
1564731898,642495; 1500;0 ;NetPacket
1564731898,642532; 1500;0 ;NetPacket
1564731898,642567; 1500;0 ;NetPacket
1564731898,642603; 1500;0 ;NetPacket
1564731898,642638; 1500;0 ;NetPacket
1564731898,642673; 1500;0 ;NetPacket
1564731898,642709; 1500;0 ;NetPacket
1564731898,642745; 1500;0 ;NetPacket
1564731898,642781; 1500;0 ;NetPacket
1564731898,642816; 1500;0 ;NetPacket
1564731898,642851; 1500;0 ;NetPacket
1564731898,642887; 1500;0 ;NetPacket
1564731898,642923; 1500;0 ;NetPacket
1564731898,642961; 1500;0 ;NetPacket
1564731898,642996; 1500;0 ;NetPacket
1564731898,643031; 1500;0 ;NetPacket
1564731898,643068; 1500;0 ;NetPacket
1564731898,643103; 1500;0 ;NetPacket
1564731898,643139; 1500;0 ;NetPacket
1564731898,643175; 1500;0 ;NetPacket
1564731898,64321; 1500;0 ;NetPacket
1564731898,643238; 1500;0 ;NetPacket
1564731898,643265; 1500;0 ;NetPacket
1564731898,643303; 1500;0 ;NetPacket
1564731898,64333; 1500;0 ;NetPacket
1564731898,643356; 1500;0 ;NetPacket
1564731898,643391; 1500;0 ;NetPacket
1564731898,643418; 1500;0 ;NetPacket
1564731898,643443; 1500;0 ;NetPacket
1564731898,643479; 1500;0 ;NetPacket
1564731898,643507; 1500;0 ;NetPacket
1564731898,643531; 1500;0 ;NetPacket
1564731898,643568; 1500;0 ;NetPacket
1564731898,643594; 1500;0 ;NetPacket
1564731898,643619; 1500;0 ;NetPacket
1564731898,643654; 1500;0 ;NetPacket
1564731898,64368; 1500;0 ;NetPacket
1564731898,643705; 1500;0 ;NetPacket
1564731898,64374; 1500;0 ;NetPacket
1564731898,643774; 1500;0 ;NetPacket
1564731898,643811; 1500;0 ;NetPacket
1564731898,643846; 1500;0 ;NetPacket
1564731898,643882; 1500;0 ;NetPacket
1564731898,643923; 1500;0 ;NetPacket
1564731898,643957; 1500;0 ;NetPacket
1564731898,643994; 1500;0 ;NetPacket
1564731898,644029; 1500;0 ;NetPacket
1564731898,644081; 1500;0 ;NetPacket
1564731898,644123; 1500;0 ;NetPacket
1564731898,64416; 1500;0 ;NetPacket
1564731898,644195; 1500;0 ;NetPacket
1564731898,644231; 1500;0 ;NetPacket
1564731898,644267; 1500;0 ;NetPacket
1564731898,644304; 1500;0 ;NetPacket
1564731898,64434; 1500;0 ;NetPacket
1564731898,644374; 1500;0 ;NetPacket
1564731898,64441; 1500;0 ;NetPacket
1564731898,644446; 1500;0 ;NetPacket
1564731898,644509; 1500;0 ;NetPacket
1564731898,64457; 1500;0 ;NetPacket
1564731898,644616; 1500;0 ;NetPacket
1564731898,64465; 1500;0 ;NetPacket
1564731898,644684; 1500;0 ;NetPacket
1564731898,644717; 1500;0 ;NetPacket
1564731898,644751; 1500;0 ;NetPacket
1564731898,644784; 1500;0 ;NetPacket
1564731898,644818; 1500;0 ;NetPacket
1564731898,644851; 1500;0 ;NetPacket
1564731898,644884; 1500;0 ;NetPacket
1564731898,644918; 1500;0 ;NetPacket
1564731898,644951; 1500;0 ;NetPacket
1564731898,644984; 1500;0 ;NetPacket
1564731898,645018; 1500;0 ;NetPacket
1564731898,64505; 1500;0 ;NetPacket
1564731898,645083; 1500;0 ;NetPacket
1564731898,645116; 1500;0 ;NetPacket
1564731898,64515; 704;0 ;NetPacket
1564731898,645289; 268;0 ;NetPacket
1564731898,827235; 40;0 ;NetPacket
1564731898,885354; 1500;0 ;NetPacket
1564731898,885445; 1500;0 ;NetPacket
1564731898,885485; 1500;0 ;NetPacket
1564731898,885535; 1500;0 ;NetPacket
1564731898,885571; 1500;0 ;NetPacket
1564731898,885609; 1500;0 ;NetPacket
1564731898,885639; 1500;0 ;NetPacket
1564731898,885666; 1500;0 ;NetPacket
1564731898,885704; 1500;0 ;NetPacket
1564731898,885729; 1500;0 ;NetPacket
1564731898,885754; 1500;0 ;NetPacket
1564731898,885792; 1500;0 ;NetPacket
1564731898,885817; 1500;0 ;NetPacket
1564731898,885843; 1500;0 ;NetPacket
1564731898,885879; 1500;0 ;NetPacket
1564731898,885917; 1500;0 ;NetPacket
1564731898,885954; 1500;0 ;NetPacket
1564731898,885989; 1500;0 ;NetPacket
1564731898,886024; 1500;0 ;NetPacket
1564731898,886059; 1500;0 ;NetPacket
1564731898,886093; 1500;0 ;NetPacket
1564731898,886128; 1500;0 ;NetPacket
1564731898,886163; 1500;0 ;NetPacket
1564731898,886197; 1500;0 ;NetPacket
1564731898,886232; 1500;0 ;NetPacket
1564731898,886267; 1500;0 ;NetPacket
1564731898,886303; 1500;0 ;NetPacket
1564731898,886337; 1500;0 ;NetPacket
1564731898,886372; 1500;0 ;NetPacket
1564731898,886407; 1500;0 ;NetPacket
1564731898,886442; 1500;0 ;NetPacket
1564731898,886476; 1500;0 ;NetPacket
1564731898,886511; 1500;0 ;NetPacket
1564731898,886546; 1500;0 ;NetPacket
1564731898,88658; 1500;0 ;NetPacket
1564731898,886615; 1500;0 ;NetPacket
1564731898,886649; 1500;0 ;NetPacket
1564731898,886683; 1500;0 ;NetPacket
1564731898,886719; 1500;0 ;NetPacket
1564731898,886753; 1500;0 ;NetPacket
1564731898,886788; 1500;0 ;NetPacket
1564731898,886823; 1500;0 ;NetPacket
1564731898,886857; 1500;0 ;NetPacket
1564731898,886892; 1500;0 ;NetPacket
1564731898,886926; 1500;0 ;NetPacket
1564731898,886961; 1500;0 ;NetPacket
1564731898,886995; 1500;0 ;NetPacket
1564731898,88703; 1500;0 ;NetPacket
1564731898,887064; 1500;0 ;NetPacket
1564731898,887099; 1500;0 ;NetPacket
1564731898,887134; 1500;0 ;NetPacket
1564731898,887168; 1500;0 ;NetPacket
1564731898,887203; 1500;0 ;NetPacket
1564731898,887237; 1500;0 ;NetPacket
1564731898,887272; 1500;0 ;NetPacket
1564731898,887306; 1500;0 ;NetPacket
1564731898,887341; 1500;0 ;NetPacket
1564731898,887376; 1500;0 ;NetPacket
1564731898,88741; 1500;0 ;NetPacket
1564731898,891269; 1500;0 ;NetPacket
1564731898,891324; 1500;0 ;NetPacket
1564731898,891359; 1500;0 ;NetPacket
1564731898,891391; 1500;0 ;NetPacket
1564731898,891423; 1500;0 ;NetPacket
1564731898,891457; 1500;0 ;NetPacket
1564731898,89149; 1500;0 ;NetPacket
1564731898,891523; 1500;0 ;NetPacket
1564731898,891548; 1500;0 ;NetPacket
1564731898,891579; 1500;0 ;NetPacket
1564731898,891613; 1500;0 ;NetPacket
1564731898,891648; 1500;0 ;NetPacket
1564731898,891681; 1500;0 ;NetPacket
1564731898,891713; 1500;0 ;NetPacket
1564731898,891746; 1500;0 ;NetPacket
1564731898,891779; 1500;0 ;NetPacket
1564731898,891811; 1500;0 ;NetPacket
1564731898,891856; 1500;0 ;NetPacket
1564731898,891889; 1500;0 ;NetPacket
1564731898,891922; 1500;0 ;NetPacket
1564731898,891955; 1500;0 ;NetPacket
1564731898,891987; 1500;0 ;NetPacket
1564731898,892019; 1500;0 ;NetPacket
1564731898,892055; 1500;0 ;NetPacket
1564731898,892087; 1500;0 ;NetPacket
1564731898,892121; 1500;0 ;NetPacket
1564731898,892154; 1500;0 ;NetPacket
1564731898,892191; 1500;0 ;NetPacket
1564731898,892225; 736;0 ;NetPacket
1564731898,892394; 140;0 ;NetPacket
1564731899,057344; 40;0 ;NetPacket
1564731899,066014; 40;0 ;NetPacket
1564731899,096759; 1500;0 ;NetPacket
1564731899,096828; 1500;0 ;NetPacket
1564731899,096863; 1500;0 ;NetPacket
1564731899,096955; 1500;0 ;NetPacket
1564731899,096992; 1500;0 ;NetPacket
1564731899,097035; 1500;0 ;NetPacket
1564731899,097075; 1500;0 ;NetPacket
1564731899,097112; 1500;0 ;NetPacket
1564731899,097143; 1500;0 ;NetPacket
1564731899,097177; 1500;0 ;NetPacket
1564731899,097211; 1500;0 ;NetPacket
1564731899,097245; 1500;0 ;NetPacket
1564731899,097279; 1500;0 ;NetPacket
1564731899,097314; 1500;0 ;NetPacket
1564731899,09734; 1500;0 ;NetPacket
1564731899,097366; 1500;0 ;NetPacket
1564731899,097402; 1500;0 ;NetPacket
1564731899,097429; 1500;0 ;NetPacket
1564731899,097464; 1500;0 ;NetPacket
1564731899,097503; 1500;0 ;NetPacket
1564731899,097543; 1500;0 ;NetPacket
1564731899,097584; 1500;0 ;NetPacket
1564731899,097619; 1500;0 ;NetPacket
1564731899,097654; 1500;0 ;NetPacket
1564731899,097689; 1500;0 ;NetPacket
1564731899,097724; 1500;0 ;NetPacket
1564731899,097759; 1500;0 ;NetPacket
1564731899,097794; 1500;0 ;NetPacket
1564731899,097828; 1500;0 ;NetPacket
1564731899,097864; 1500;0 ;NetPacket
1564731899,097899; 1500;0 ;NetPacket
1564731899,097934; 1500;0 ;NetPacket
1564731899,097997; 1500;0 ;NetPacket
1564731899,098037; 1500;0 ;NetPacket
1564731899,098072; 1500;0 ;NetPacket
1564731899,098107; 1500;0 ;NetPacket
1564731899,098142; 1500;0 ;NetPacket
1564731899,098177; 1500;0 ;NetPacket
1564731899,098223; 1500;0 ;NetPacket
1564731899,098273; 1500;0 ;NetPacket
1564731899,098311; 1500;0 ;NetPacket
1564731899,098412; 1500;0 ;NetPacket
1564731899,098458; 1500;0 ;NetPacket
1564731899,098494; 1500;0 ;NetPacket
1564731899,098529; 1500;0 ;NetPacket
1564731899,098564; 1500;0 ;NetPacket
1564731899,098599; 1500;0 ;NetPacket
1564731899,098633; 1500;0 ;NetPacket
1564731899,098669; 1500;0 ;NetPacket
1564731899,098704; 1500;0 ;NetPacket
1564731899,098739; 1500;0 ;NetPacket
1564731899,098774; 1500;0 ;NetPacket
1564731899,098809; 1500;0 ;NetPacket
1564731899,098844; 1500;0 ;NetPacket
1564731899,098871; 1500;0 ;NetPacket
1564731899,098907; 1500;0 ;NetPacket
1564731899,098943; 1500;0 ;NetPacket
1564731899,098978; 1500;0 ;NetPacket
1564731899,099013; 1500;0 ;NetPacket
1564731899,099047; 1500;0 ;NetPacket
1564731899,099082; 1500;0 ;NetPacket
1564731899,099117; 1500;0 ;NetPacket
1564731899,099152; 1500;0 ;NetPacket
1564731899,099178; 1500;0 ;NetPacket
1564731899,099214; 1500;0 ;NetPacket
1564731899,099249; 1500;0 ;NetPacket
1564731899,099285; 1500;0 ;NetPacket
1564731899,099319; 1500;0 ;NetPacket
1564731899,099354; 1500;0 ;NetPacket
1564731899,099388; 1500;0 ;NetPacket
1564731899,099423; 1500;0 ;NetPacket
1564731899,099458; 1500;0 ;NetPacket
1564731899,099493; 1500;0 ;NetPacket
1564731899,099528; 1500;0 ;NetPacket
1564731899,099575; 1500;0 ;NetPacket
1564731899,099632; 1500;0 ;NetPacket
1564731899,099664; 1500;0 ;NetPacket
1564731899,099696; 1500;0 ;NetPacket
1564731899,099741; 1500;0 ;NetPacket
1564731899,099785; 1500;0 ;NetPacket
1564731899,099817; 1500;0 ;NetPacket
1564731899,099849; 1500;0 ;NetPacket
1564731899,09988; 1500;0 ;NetPacket
1564731899,099924; 1500;0 ;NetPacket
1564731899,099968; 1500;0 ;NetPacket
1564731899,1; 1500;0 ;NetPacket
1564731899,100032; 1500;0 ;NetPacket
1564731899,100064; 672;0 ;NetPacket
1564731899,100223; 172;0 ;NetPacket
1564731899,290334; 1500;0 ;NetPacket
1564731899,290506; 1500;0 ;NetPacket
1564731899,290579; 1500;0 ;NetPacket
1564731899,290633; 1500;0 ;NetPacket
1564731899,29077; 1500;0 ;NetPacket
1564731899,290826; 1500;0 ;NetPacket
1564731899,290901; 1500;0 ;NetPacket
1564731899,290958; 1500;0 ;NetPacket
1564731899,291032; 1500;0 ;NetPacket
1564731899,291087; 1500;0 ;NetPacket
1564731899,291187; 1500;0 ;NetPacket
1564731899,291244; 1500;0 ;NetPacket
1564731899,291317; 1500;0 ;NetPacket
1564731899,29141; 1500;0 ;NetPacket
1564731899,291462; 1500;0 ;NetPacket
1564731899,291515; 1500;0 ;NetPacket
1564731899,291592; 1500;0 ;NetPacket
1564731899,291647; 1500;0 ;NetPacket
1564731899,291716; 1500;0 ;NetPacket
1564731899,291787; 192;0 ;NetPacket
1564731899,29204; 140;0 ;NetPacket
1564731899,467747; 236;0 ;NetPacket
1564731899,468539; 140;0 ;NetPacket
